,Date,oil,spy,vix,oil_ma_5,oil_ma_20,oil_lag_1,oil_lag_5,spy_ma_5,spy_ma_20,spy_lag_1,spy_lag_5,vix_ma_5,vix_ma_20,vix_lag_1,vix_lag_5,target
0,2020-03-02,46.75,3090.22998046875,33.41999816894531,47.44599990844726,50.35249977111816,44.7599983215332,51.43000030517578,3053.561962890625,3267.9599731445314,2954.219970703125,3225.889892578125,33.619999694824216,20.318499898910524,40.11000061035156,25.030000686645508,1
1,2020-03-03,47.18000030517578,3003.3701171875,36.81999969482422,46.90199966430664,50.205999755859374,46.75,49.900001525878906,3028.593994140625,3255.682482910156,3090.22998046875,3128.2099609375,35.41399955749512,21.26099991798401,33.41999816894531,27.850000381469727,0
2,2020-03-04,46.77999877929688,3130.1201171875,31.989999771118164,46.51199951171875,50.06449966430664,47.18000030517578,48.72999954223633,3031.3400390625,3247.308984375,3003.3701171875,3116.389892578125,36.29999961853027,22.05799994468689,36.81999969482422,27.559999465942383,0
3,2020-03-05,45.900001525878906,3023.93994140625,39.619998931884766,46.273999786376955,49.82199974060059,46.77999877929688,47.09000015258789,3040.376025390625,3231.771484375,3130.1201171875,2978.760009765625,36.39199943542481,23.281499910354615,31.989999771118164,39.15999984741211,0
4,2020-03-06,41.27999877929688,2972.3701171875,41.93999862670898,45.577999877929685,49.33849964141846,45.900001525878906,44.7599983215332,3044.0060546875,3213.1009887695313,3023.93994140625,2954.219970703125,36.75799903869629,24.630499839782715,39.619998931884766,40.11000061035156,0
5,2020-03-09,31.1299991607666,2746.56005859375,54.459999084472656,42.45399971008301,48.378999614715575,41.27999877929688,46.75,2975.2720703125,3184.043493652344,2972.3701171875,3090.22998046875,40.96599922180176,26.57999978065491,41.93999862670898,33.41999816894531,1
6,2020-03-10,34.36000061035156,2882.22998046875,47.29999923706055,39.88999977111816,47.61849966049194,31.1299991607666,47.18000030517578,2951.04404296875,3160.55048828125,2746.56005859375,3003.3701171875,43.06199913024902,28.192999744415282,54.459999084472656,36.81999969482422,0
7,2020-03-11,32.97999954223633,2741.3798828125,53.900001525878906,37.12999992370605,46.77049970626831,34.36000061035156,46.77999877929688,2873.29599609375,3129.731982421875,2882.22998046875,3130.1201171875,47.443999481201175,30.12899980545044,47.29999923706055,31.989999771118164,0
8,2020-03-12,31.5,2480.639892578125,75.47000122070312,34.249999618530275,45.786999797821046,32.97999954223633,45.900001525878906,2764.635986328125,3084.7914794921876,2741.3798828125,3023.93994140625,54.613999938964845,33.21549987792969,53.900001525878906,39.619998931884766,1
9,2020-03-13,31.729999542236328,2711.02001953125,57.83000183105469,32.339999771118165,44.8024998664856,31.5,41.27999877929688,2712.365966796875,3051.6454833984376,2480.639892578125,2972.3701171875,57.79200057983398,35.39949998855591,75.47000122070312,41.93999862670898,0
10,2020-03-16,28.700000762939453,2386.1298828125,82.69000244140625,31.854000091552734,43.634999942779544,31.729999542236328,31.1299991607666,2640.279931640625,3001.943981933594,2711.02001953125,2746.56005859375,63.438001251220705,38.850000095367434,57.83000183105469,54.459999084472656,0
11,2020-03-17,26.950000762939453,2529.18994140625,75.91000366210938,30.37200012207031,42.380000019073485,28.700000762939453,34.36000061035156,2569.671923828125,2959.8889770507812,2386.1298828125,2882.22998046875,69.16000213623047,41.9040002822876,82.69000244140625,47.29999923706055,0
12,2020-03-18,20.3700008392334,2398.10009765625,76.44999694824219,27.850000381469727,40.734000015258786,26.950000762939453,32.97999954223633,2501.015966796875,2910.4864868164063,2529.18994140625,2741.3798828125,73.67000122070313,45.007500123977664,75.91000366210938,53.900001525878906,1
13,2020-03-19,25.21999931335449,2409.389892578125,72.0,26.594000244140624,39.30600004196167,20.3700008392334,31.5,2486.765966796875,2862.294482421875,2398.10009765625,2480.639892578125,72.9760009765625,47.829500102996825,76.44999694824219,75.47000122070312,0
14,2020-03-20,22.43000030517578,2304.919921875,66.04000091552734,24.734000396728515,37.758500003814696,25.21999931335449,31.729999542236328,2405.545947265625,2810.652978515625,2409.389892578125,2711.02001953125,74.61800079345703,50.27750015258789,72.0,57.83000183105469,1
15,2020-03-23,23.36000061035156,2237.39990234375,61.59000015258789,23.666000366210938,36.355000019073486,22.43000030517578,28.700000762939453,2375.799951171875,2761.228479003906,2304.919921875,2386.1298828125,70.39800033569335,52.10550012588501,66.04000091552734,82.69000244140625,1
16,2020-03-24,24.01000022888184,2447.330078125,61.66999816894531,23.078000259399413,35.06049995422363,23.36000061035156,26.950000762939453,2359.427978515625,2727.1844848632813,2237.39990234375,2529.18994140625,67.54999923706055,53.796500015258786,61.59000015258789,75.91000366210938,1
17,2020-03-25,24.489999771118164,2475.56005859375,63.95000076293945,23.90200004577637,33.84849996566773,24.01000022888184,20.3700008392334,2374.919970703125,2695.1429931640623,2447.330078125,2398.10009765625,65.05,55.61600008010864,61.66999816894531,76.44999694824219,0
18,2020-03-26,22.600000381469727,2630.070068359375,61.0,23.378000259399414,32.623999977111815,24.489999771118164,25.21999931335449,2419.056005859375,2677.70849609375,2475.56005859375,2409.389892578125,62.85,56.708000087738036,63.95000076293945,72.0,0
19,2020-03-27,21.51000022888184,2541.469970703125,65.54000091552734,23.194000244140625,31.461500072479247,22.600000381469727,22.43000030517578,2466.366015625,2657.07099609375,2630.070068359375,2304.919921875,62.75,57.97950010299682,61.0,66.04000091552734,0
20,2020-03-30,20.09000015258789,2626.64990234375,57.08000183105469,22.54000015258789,30.128500080108644,21.51000022888184,23.36000061035156,2544.216015625,2633.8919921875,2541.469970703125,2237.39990234375,61.84800033569336,59.16250028610229,65.54000091552734,61.59000015258789,1
21,2020-03-31,20.479999542236328,2584.590087890625,53.540000915527344,21.834000015258788,28.79350004196167,20.09000015258789,24.01000022888184,2571.668017578125,2612.952990722656,2626.64990234375,2447.330078125,60.22200088500976,59.99850034713745,57.08000183105469,61.66999816894531,0
22,2020-04-01,20.309999465942383,2470.5,57.060001373291016,20.997999954223634,27.470000076293946,20.479999542236328,24.489999771118164,2570.656005859375,2579.9719848632812,2584.590087890625,2475.56005859375,58.84400100708008,61.252000427246095,53.540000915527344,63.95000076293945,1
23,2020-04-02,25.31999969482422,2526.89990234375,50.90999984741211,21.54199981689453,26.44099998474121,20.309999465942383,22.600000381469727,2550.02197265625,2555.119982910156,2470.5,2630.070068359375,56.8260009765625,61.81650047302246,57.060001373291016,61.0,1
24,2020-04-03,28.34000015258789,2488.64990234375,46.79999923706055,22.907999801635743,25.79400005340576,25.31999969482422,21.51000022888184,2539.457958984375,2530.933972167969,2526.89990234375,2541.469970703125,53.07800064086914,62.059500503540036,50.90999984741211,65.54000091552734,0
25,2020-04-06,26.07999992370605,2663.679931640625,45.2400016784668,24.105999755859376,25.541500091552734,28.34000015258789,20.09000015258789,2546.86396484375,2526.7899658203123,2488.64990234375,2626.64990234375,50.710000610351564,61.598500633239745,46.79999923706055,57.08000183105469,0
26,2020-04-07,23.6299991607666,2659.409912109375,46.70000076293945,24.73599967956543,25.005000019073485,26.07999992370605,20.479999542236328,2561.8279296875,2515.648962402344,2663.679931640625,2584.590087890625,49.342000579833986,61.568500709533694,45.2400016784668,53.540000915527344,1
27,2020-04-08,25.09000015258789,2749.97998046875,43.34999847412109,25.69199981689453,24.610500049591064,23.6299991607666,20.309999465942383,2617.72392578125,2516.078967285156,2659.409912109375,2470.5,46.6,61.041000556945804,46.70000076293945,57.060001373291016,0
28,2020-04-09,22.76000022888184,2789.820068359375,41.66999816894531,25.179999923706056,24.173500061035156,25.09000015258789,25.31999969482422,2670.307958984375,2531.537976074219,2749.97998046875,2526.89990234375,44.75199966430664,59.35100040435791,43.34999847412109,50.90999984741211,0
29,2020-04-13,22.40999984741211,2761.6298828125,41.16999816894531,23.993999862670897,23.707500076293947,22.76000022888184,28.34000015258789,2724.903955078125,2534.068469238281,2789.820068359375,2488.64990234375,43.625999450683594,58.51800022125244,41.66999816894531,46.79999923706055,0
30,2020-04-14,20.11000061035156,2846.06005859375,37.7599983215332,22.8,23.27800006866455,22.40999984741211,26.07999992370605,2761.37998046875,2557.064978027344,2761.6298828125,2663.679931640625,42.129998779296876,56.27150001525879,41.16999816894531,45.2400016784668,0
31,2020-04-15,19.8700008392334,2783.360107421875,40.84000015258789,22.04800033569336,22.92400007247925,20.11000061035156,23.6299991607666,2786.17001953125,2569.773486328125,2846.06005859375,2659.409912109375,40.95799865722656,54.51799983978272,37.7599983215332,46.70000076293945,0
32,2020-04-16,19.8700008392334,2799.550048828125,40.11000061035156,21.00400047302246,22.899000072479247,19.8700008392334,25.09000015258789,2796.084033203125,2589.845983886719,2783.360107421875,2749.97998046875,40.30999908447266,52.70100002288818,40.84000015258789,43.34999847412109,0
33,2020-04-17,18.270000457763672,2874.56005859375,38.150001525878906,20.10600051879883,22.551500129699708,19.8700008392334,22.76000022888184,2813.03203125,2613.1044921875,2799.550048828125,2789.820068359375,39.60599975585937,51.00850009918213,40.11000061035156,41.66999816894531,0
34,2020-04-20,-37.630001068115234,2823.159912109375,43.83000183105469,8.09800033569336,19.548500061035156,18.270000457763672,22.40999984741211,2825.338037109375,2639.016491699219,2874.56005859375,2761.6298828125,40.13800048828125,49.898000144958495,38.150001525878906,41.16999816894531,1
35,2020-04-21,10.010000228881836,2736.56005859375,45.40999984741211,6.078000259399415,18.88100004196167,-37.630001068115234,20.11000061035156,2803.438037109375,2663.974499511719,2823.159912109375,2846.06005859375,41.66800079345703,49.089000129699706,43.83000183105469,37.7599983215332,1
36,2020-04-22,13.779999732971191,2799.31005859375,41.97999954223633,4.860000038146973,18.36950001716614,10.010000228881836,19.8700008392334,2806.62802734375,2681.5734985351564,2736.56005859375,2783.360107421875,41.896000671386716,48.104500198364256,45.40999984741211,40.84000015258789,1
37,2020-04-23,16.5,2797.800048828125,41.380001068115234,4.185999870300294,17.97000002861023,13.779999732971191,19.8700008392334,2806.27802734375,2697.685498046875,2799.31005859375,2799.550048828125,42.150000762939456,46.976000213623045,41.97999954223633,40.11000061035156,1
38,2020-04-24,16.940000534057617,2836.739990234375,35.93000030517578,3.9199998855590827,17.687000036239624,16.5,18.270000457763672,2798.714013671875,2708.018994140625,2797.800048828125,2874.56005859375,41.70600051879883,45.722500228881835,41.380001068115234,38.150001525878906,0
39,2020-04-27,12.779999732971191,2878.47998046875,33.290000915527344,14.002000045776366,17.250500011444093,16.940000534057617,-37.630001068115234,2809.77802734375,2724.869494628906,2836.739990234375,2823.159912109375,39.59800033569336,44.11000022888184,35.93000030517578,43.83000183105469,0
40,2020-04-28,12.34000015258789,2863.389892578125,33.56999969482422,14.468000030517578,16.863000011444093,12.779999732971191,10.010000228881836,2835.143994140625,2736.706494140625,2878.47998046875,2736.56005859375,37.23000030517578,42.93450012207031,33.290000915527344,45.40999984741211,1
41,2020-04-29,15.0600004196167,2939.510009765625,31.229999542236328,14.724000167846679,16.59200005531311,12.34000015258789,13.779999732971191,2863.183984375,2754.452490234375,2863.389892578125,2799.31005859375,35.08000030517578,41.81900005340576,33.56999969482422,41.97999954223633,1
42,2020-04-30,18.84000015258789,2912.429931640625,34.150001525878906,15.192000198364259,16.518500089645386,15.0600004196167,16.5,2886.1099609375,2776.5489868164063,2939.510009765625,2797.800048828125,33.63400039672852,40.673500061035156,31.229999542236328,41.380001068115234,1
43,2020-05-01,19.780000686645508,2830.7099609375,37.18999862670898,15.760000228881836,16.24150013923645,18.84000015258789,16.940000534057617,2884.903955078125,2791.7394897460936,2912.429931640625,2836.739990234375,33.886000061035155,39.9875,34.150001525878906,35.93000030517578,1
44,2020-05-04,20.38999938964844,2842.739990234375,35.970001220703125,17.282000160217287,15.844000101089478,19.780000686645508,12.779999732971191,2877.75595703125,2809.443994140625,2830.7099609375,2878.47998046875,34.422000122070315,39.44600009918213,37.18999862670898,33.290000915527344,1
45,2020-05-05,24.559999465942383,2868.43994140625,33.61000061035156,19.726000022888183,15.768000078201293,20.38999938964844,12.34000015258789,2878.765966796875,2819.681994628906,2842.739990234375,2863.389892578125,34.43000030517578,38.86450004577637,35.970001220703125,33.56999969482422,0
46,2020-05-06,23.989999771118164,2848.419921875,34.119998931884766,21.511999893188477,15.786000108718872,24.559999465942383,15.0600004196167,2860.54794921875,2829.1324951171873,2868.43994140625,2939.510009765625,35.008000183105466,38.235499954223634,33.61000061035156,31.229999542236328,0
47,2020-05-07,23.549999237060547,2881.18994140625,31.440000534057617,22.453999710083007,15.709000062942504,23.989999771118164,18.84000015258789,2854.299951171875,2835.6929931640625,2848.419921875,2912.429931640625,34.46599998474121,37.64000005722046,34.119998931884766,34.150001525878906,1
48,2020-05-08,24.739999771118164,2929.800048828125,27.979999542236328,23.445999526977538,15.80800004005432,23.549999237060547,19.780000686645508,2874.11796875,2842.6919921875,2881.18994140625,2830.7099609375,32.62400016784668,36.95550012588501,31.440000534057617,37.18999862670898,0
49,2020-05-11,24.13999938964844,2930.18994140625,27.56999969482422,24.195999526977538,15.894500017166138,24.739999771118164,20.38999938964844,2891.607958984375,2851.1199951171875,2929.800048828125,2842.739990234375,30.9439998626709,36.275500202178954,27.979999542236328,35.970001220703125,1
50,2020-05-12,25.780000686645508,2870.1201171875,33.040000915527344,24.439999771118163,16.178000020980836,24.13999938964844,24.559999465942383,2891.943994140625,2852.322998046875,2930.18994140625,2868.43994140625,30.829999923706055,36.03950033187866,27.56999969482422,33.61000061035156,0
51,2020-05-13,25.290000915527344,2820.0,35.279998779296875,24.7,16.44900002479553,25.780000686645508,23.989999771118164,2886.260009765625,2854.154992675781,2870.1201171875,2848.419921875,31.061999893188478,35.76150026321411,33.040000915527344,34.119998931884766,1
52,2020-05-14,27.559999465942383,2852.5,32.61000061035156,25.502000045776366,16.833499956130982,25.290000915527344,23.549999237060547,2880.522021484375,2856.802490234375,2820.0,2881.18994140625,31.295999908447264,35.38650026321411,35.279998779296875,31.440000534057617,1
53,2020-05-15,29.43000030517578,2863.699951171875,31.88999938964844,26.440000152587892,17.391499948501586,27.559999465942383,24.739999771118164,2867.302001953125,2856.259484863281,2852.5,2929.800048828125,32.077999877929685,35.07350015640259,32.61000061035156,27.979999542236328,1
54,2020-05-18,31.81999969482422,2953.909912109375,29.299999237060547,27.976000213623045,20.863999986648558,29.43000030517578,24.13999938964844,2872.04599609375,2862.796984863281,2863.699951171875,2930.18994140625,32.42399978637695,34.34700002670288,31.88999938964844,27.56999969482422,1
55,2020-05-19,32.5,2922.93994140625,30.530000686645508,29.320000076293944,21.98849997520447,31.81999969482422,25.780000686645508,2882.6099609375,2872.1159790039064,2953.909912109375,2870.1201171875,31.921999740600587,33.60300006866455,29.299999237060547,33.040000915527344,1
56,2020-05-20,33.4900016784668,2971.610107421875,27.989999771118164,30.960000228881835,22.97400007247925,32.5,25.290000915527344,2912.931982421875,2880.7309814453124,2922.93994140625,2820.0,30.463999938964843,32.90350008010864,30.530000686645508,35.279998779296875,1
57,2020-05-21,33.91999816894531,2948.510009765625,29.530000686645508,32.23199996948242,23.844999980926513,33.4900016784668,27.559999465942383,2932.133984375,2888.2664794921875,2971.610107421875,2852.5,29.84799995422363,32.31100006103516,27.989999771118164,32.61000061035156,0
58,2020-05-22,33.25,2955.449951171875,28.15999984741211,32.99599990844727,24.66049995422363,33.91999816894531,29.43000030517578,2950.483984375,2894.2019775390627,2948.510009765625,2863.699951171875,29.102000045776368,31.92250003814697,29.530000686645508,31.88999938964844,1
59,2020-05-26,34.349998474121094,2991.77001953125,28.01000022888184,33.50199966430664,25.73899989128113,33.25,31.81999969482422,2958.056005859375,2899.8664794921874,2955.449951171875,2953.909912109375,28.844000244140624,31.658500003814698,28.15999984741211,29.299999237060547,0
60,2020-05-27,32.810001373291016,3036.1298828125,27.6200008392334,33.56399993896484,26.762499952316283,34.349998474121094,32.5,2980.693994140625,2908.5034790039062,2991.77001953125,2922.93994140625,28.262000274658202,31.361000061035156,28.01000022888184,30.530000686645508,1
61,2020-05-28,33.709999084472656,3029.72998046875,28.59000015258789,33.60799942016602,27.69499988555908,32.810001373291016,33.4900016784668,2992.31796875,2913.0144775390627,3036.1298828125,2971.610107421875,28.382000350952147,31.229000091552734,27.6200008392334,27.989999771118164,1
62,2020-05-29,35.4900016784668,3044.31005859375,27.51000022888184,33.922000122070315,28.527499961853028,33.709999084472656,33.91999816894531,3011.477978515625,2919.6084838867187,3029.72998046875,2948.510009765625,27.978000259399415,30.89700002670288,28.59000015258789,29.530000686645508,0
