Date,oil,spy,vix
2015-01-02,52.689998626708984,2058.199951171875,17.790000915527344
2015-01-05,50.040000915527344,2020.5799560546875,19.920000076293945
2015-01-06,47.93000030517578,2002.6099853515625,21.1200008392334
2015-01-07,48.650001525878906,2025.9000244140625,19.309999465942383
2015-01-08,48.790000915527344,2062.139892578125,17.010000228881836
2015-01-09,48.36000061035156,2044.81005859375,17.549999237060547
2015-01-12,46.06999969482422,2028.260009765625,19.600000381469727
2015-01-13,45.88999938964844,2023.030029296875,20.559999465942383
2015-01-14,48.47999954223633,2011.27001953125,21.479999542236328
2015-01-15,46.25,1992.6700439453125,22.389999389648438
2015-01-16,48.689998626708984,2019.4200439453125,20.950000762939453
2015-01-20,46.38999938964844,2022.550048828125,19.889999389648438
2015-01-21,47.779998779296875,2032.1199951171875,18.850000381469727
2015-01-22,46.310001373291016,2063.14990234375,16.399999618530273
2015-01-23,45.59000015258789,2051.820068359375,16.65999984741211
2015-01-26,45.150001525878906,2057.090087890625,15.520000457763672
2015-01-27,46.22999954223633,2029.550048828125,17.219999313354492
2015-01-28,44.45000076293945,2002.1600341796875,20.440000534057617
2015-01-29,44.529998779296875,2021.25,18.760000228881836
2015-01-30,48.2400016784668,1994.989990234375,20.969999313354492
2015-02-02,49.56999969482422,2020.8499755859375,19.43000030517578
2015-02-03,53.04999923706055,2050.030029296875,17.329999923706055
2015-02-04,48.45000076293945,2041.510009765625,18.329999923706055
2015-02-05,50.47999954223633,2062.52001953125,16.850000381469727
2015-02-06,51.689998626708984,2055.469970703125,17.290000915527344
2015-02-09,52.86000061035156,2046.739990234375,18.549999237060547
2015-02-10,50.02000045776367,2068.590087890625,17.229999542236328
2015-02-11,48.84000015258789,2068.530029296875,16.959999084472656
2015-02-12,51.209999084472656,2088.47998046875,15.34000015258789
2015-02-13,52.779998779296875,2096.989990234375,14.6899995803833
2015-02-17,53.529998779296875,2100.340087890625,15.800000190734863
2015-02-18,52.13999938964844,2099.679931640625,15.449999809265137
2015-02-19,51.15999984741211,2097.449951171875,15.289999961853027
2015-02-20,50.34000015258789,2110.300048828125,14.300000190734863
2015-02-23,49.45000076293945,2109.659912109375,14.5600004196167
2015-02-24,49.279998779296875,2115.47998046875,13.6899995803833
2015-02-25,50.9900016784668,2113.860107421875,13.84000015258789
2015-02-26,48.16999816894531,2110.739990234375,13.90999984741211
2015-02-27,49.7599983215332,2104.5,13.34000015258789
2015-03-02,49.59000015258789,2117.389892578125,13.039999961853027
2015-03-03,50.52000045776367,2107.780029296875,13.859999656677246
2015-03-04,51.529998779296875,2098.530029296875,14.229999542236328
2015-03-05,50.7599983215332,2101.0400390625,14.039999961853027
2015-03-06,49.61000061035156,2071.260009765625,15.199999809265137
2015-03-09,50.0,2079.429931640625,15.0600004196167
2015-03-10,48.290000915527344,2044.1600341796875,16.690000534057617
2015-03-11,48.16999816894531,2040.239990234375,16.8700008392334
2015-03-12,47.04999923706055,2065.949951171875,15.420000076293945
2015-03-13,44.84000015258789,2053.39990234375,16.0
2015-03-16,43.880001068115234,2081.18994140625,15.609999656677246
2015-03-17,43.459999084472656,2074.280029296875,15.65999984741211
2015-03-18,44.65999984741211,2099.5,13.970000267028809
2015-03-19,43.959999084472656,2089.27001953125,14.069999694824219
2015-03-20,45.720001220703125,2108.10009765625,13.020000457763672
2015-03-23,47.45000076293945,2104.419921875,13.40999984741211
2015-03-24,47.5099983215332,2091.5,13.619999885559082
2015-03-25,49.209999084472656,2061.050048828125,15.4399995803833
2015-03-26,51.43000030517578,2056.14990234375,15.800000190734863
2015-03-27,48.869998931884766,2061.02001953125,15.069999694824219
2015-03-30,48.68000030517578,2086.239990234375,14.510000228881836
2015-03-31,47.599998474121094,2067.889892578125,15.289999961853027
2015-04-01,50.09000015258789,2059.68994140625,15.109999656677246
2015-04-02,49.13999938964844,2066.9599609375,14.670000076293945
2015-04-06,52.13999938964844,2080.6201171875,14.739999771118164
2015-04-07,53.97999954223633,2076.330078125,14.779999732971191
2015-04-08,50.41999816894531,2081.89990234375,13.979999542236328
2015-04-09,50.790000915527344,2091.179931640625,13.09000015258789
2015-04-10,51.63999938964844,2102.06005859375,12.579999923706055
2015-04-13,51.90999984741211,2092.429931640625,13.9399995803833
2015-04-14,53.290000915527344,2095.840087890625,13.670000076293945
2015-04-15,56.38999938964844,2106.6298828125,12.84000015258789
2015-04-16,56.709999084472656,2104.989990234375,12.600000381469727
2015-04-17,55.7400016784668,2081.179931640625,13.890000343322754
2015-04-20,56.380001068115234,2100.39990234375,13.300000190734863
2015-04-21,55.2599983215332,2097.2900390625,13.25
2015-04-22,56.15999984741211,2107.9599609375,12.710000038146973
2015-04-23,57.7400016784668,2112.929931640625,12.479999542236328
2015-04-24,57.150001525878906,2117.68994140625,12.289999961853027
2015-04-27,56.9900016784668,2108.919921875,13.119999885559082
2015-04-28,57.060001373291016,2114.760009765625,12.40999984741211
2015-04-29,58.58000183105469,2106.85009765625,13.390000343322754
2015-04-30,59.630001068115234,2085.510009765625,14.550000190734863
2015-05-01,59.150001525878906,2108.2900390625,12.699999809265137
2015-05-04,58.93000030517578,2114.489990234375,12.850000381469727
2015-05-05,60.400001525878906,2089.4599609375,14.3100004196167
2015-05-06,60.93000030517578,2080.14990234375,15.149999618530273
2015-05-07,58.939998626708984,2088.0,15.130000114440918
2015-05-08,59.38999938964844,2116.10009765625,12.859999656677246
2015-05-11,59.25,2105.330078125,13.850000381469727
2015-05-12,60.75,2099.1201171875,13.859999656677246
2015-05-13,60.5,2098.47998046875,13.760000228881836
2015-05-14,59.880001068115234,2121.10009765625,12.739999771118164
2015-05-15,59.689998626708984,2122.72998046875,12.380000114440918
2015-05-18,59.43000030517578,2129.199951171875,12.729999542236328
2015-05-19,57.2599983215332,2127.830078125,12.850000381469727
2015-05-20,58.97999954223633,2125.85009765625,12.880000114440918
2015-05-21,60.720001220703125,2130.820068359375,12.109999656677246
2015-05-22,59.720001220703125,2126.06005859375,12.130000114440918
2015-05-26,58.029998779296875,2104.199951171875,14.0600004196167
2015-05-27,57.5099983215332,2123.47998046875,13.270000457763672
2015-05-28,57.68000030517578,2120.7900390625,13.3100004196167
2015-05-29,60.29999923706055,2107.389892578125,13.84000015258789
2015-06-01,60.20000076293945,2111.72998046875,13.970000267028809
2015-06-02,61.2599983215332,2109.60009765625,14.239999771118164
2015-06-03,59.63999938964844,2114.070068359375,13.65999984741211
2015-06-04,58.0,2095.840087890625,14.710000038146973
2015-06-05,59.130001068115234,2092.830078125,14.210000038146973
2015-06-08,58.13999938964844,2079.280029296875,15.289999961853027
2015-06-09,60.13999938964844,2080.14990234375,14.470000267028809
2015-06-10,61.43000030517578,2105.199951171875,13.220000267028809
2015-06-11,60.77000045776367,2108.860107421875,12.850000381469727
2015-06-12,59.959999084472656,2094.110107421875,13.779999732971191
2015-06-15,59.52000045776367,2084.429931640625,15.390000343322754
2015-06-16,59.970001220703125,2096.2900390625,14.8100004196167
2015-06-17,59.91999816894531,2100.43994140625,14.5
2015-06-18,60.45000076293945,2121.239990234375,13.1899995803833
2015-06-19,59.61000061035156,2109.989990234375,13.960000038146973
2015-06-22,59.68000030517578,2122.85009765625,12.739999771118164
2015-06-23,61.0099983215332,2124.199951171875,12.109999656677246
2015-06-24,60.27000045776367,2108.580078125,13.260000228881836
2015-06-25,59.70000076293945,2102.31005859375,14.010000228881836
2015-06-26,59.630001068115234,2101.489990234375,14.020000457763672
2015-06-29,58.33000183105469,2057.639892578125,18.850000381469727
2015-06-30,59.470001220703125,2063.110107421875,18.229999542236328
2015-07-01,56.959999084472656,2077.419921875,16.09000015258789
2015-07-02,56.93000030517578,2076.780029296875,16.790000915527344
2015-07-06,52.529998779296875,2068.760009765625,17.010000228881836
2015-07-07,52.33000183105469,2081.340087890625,16.09000015258789
2015-07-08,51.650001525878906,2046.6800537109375,19.65999984741211
2015-07-09,52.779998779296875,2051.31005859375,19.969999313354492
2015-07-10,52.7400016784668,2076.6201171875,16.829999923706055
2015-07-13,52.20000076293945,2099.60009765625,13.899999618530273
2015-07-14,53.040000915527344,2108.949951171875,13.369999885559082
2015-07-15,51.40999984741211,2107.39990234375,13.229999542236328
2015-07-16,50.90999984741211,2124.2900390625,12.109999656677246
2015-07-17,50.88999938964844,2126.639892578125,11.949999809265137
2015-07-20,50.150001525878906,2128.280029296875,12.25
2015-07-21,50.36000061035156,2119.2099609375,12.220000267028809
2015-07-22,49.189998626708984,2114.14990234375,12.119999885559082
2015-07-23,48.45000076293945,2102.14990234375,12.640000343322754
2015-07-24,48.13999938964844,2079.64990234375,13.739999771118164
2015-07-27,47.38999938964844,2067.639892578125,15.600000381469727
2015-07-28,47.97999954223633,2093.25,13.4399995803833
2015-07-29,48.790000915527344,2108.570068359375,12.5
2015-07-30,48.52000045776367,2108.6298828125,12.130000114440918
2015-07-31,47.119998931884766,2103.840087890625,12.119999885559082
2015-08-03,45.16999816894531,2098.0400390625,12.5600004196167
2015-08-04,45.7400016784668,2093.320068359375,13.0
2015-08-05,45.150001525878906,2099.840087890625,12.510000228881836
2015-08-06,44.65999984741211,2083.56005859375,13.770000457763672
2015-08-07,43.869998931884766,2077.570068359375,13.390000343322754
2015-08-10,44.959999084472656,2104.179931640625,12.229999542236328
2015-08-11,43.08000183105469,2084.070068359375,13.710000038146973
2015-08-12,43.29999923706055,2086.050048828125,13.609999656677246
2015-08-13,42.22999954223633,2083.389892578125,13.489999771118164
2015-08-14,42.5,2091.5400390625,12.829999923706055
2015-08-17,41.869998931884766,2102.43994140625,13.020000457763672
2015-08-18,42.619998931884766,2096.919921875,13.789999961853027
2015-08-19,40.79999923706055,2079.610107421875,15.25
2015-08-20,41.13999938964844,2035.72998046875,19.139999389648438
2015-08-21,40.45000076293945,1970.8900146484375,28.030000686645508
2015-08-24,38.2400016784668,1893.2099609375,40.7400016784668
2015-08-25,39.310001373291016,1867.6099853515625,36.02000045776367
2015-08-26,38.599998474121094,1940.510009765625,30.31999969482422
2015-08-27,42.560001373291016,1987.6600341796875,26.100000381469727
2015-08-28,45.220001220703125,1988.8699951171875,26.049999237060547
2015-08-31,49.20000076293945,1972.1800537109375,28.43000030517578
2015-09-01,45.40999984741211,1913.8499755859375,31.399999618530273
2015-09-02,46.25,1948.8599853515625,26.09000015258789
2015-09-03,46.75,1951.1300048828125,25.610000610351562
2015-09-04,46.04999923706055,1921.219970703125,27.799999237060547
2015-09-08,45.939998626708984,1969.4100341796875,24.899999618530273
2015-09-09,44.150001525878906,1942.0400390625,26.229999542236328
2015-09-10,45.91999816894531,1952.2900390625,24.3700008392334
2015-09-11,44.630001068115234,1961.050048828125,23.200000762939453
2015-09-14,44.0,1953.030029296875,24.25
2015-09-15,44.59000015258789,1978.0899658203125,22.540000915527344
2015-09-16,47.150001525878906,1995.31005859375,21.350000381469727
2015-09-17,46.900001525878906,1990.199951171875,21.139999389648438
2015-09-18,44.68000030517578,1958.030029296875,22.280000686645508
2015-09-21,46.68000030517578,1966.969970703125,20.139999389648438
2015-09-22,45.83000183105469,1942.739990234375,22.440000534057617
2015-09-23,44.47999954223633,1938.760009765625,22.1299991607666
2015-09-24,44.90999984741211,1932.239990234375,23.469999313354492
2015-09-25,45.70000076293945,1931.3399658203125,23.6200008392334
2015-09-28,44.43000030517578,1881.77001953125,27.6299991607666
2015-09-29,45.22999954223633,1884.0899658203125,26.829999923706055
2015-09-30,45.09000015258789,1920.030029296875,24.5
2015-10-01,44.7400016784668,1923.8199462890625,22.549999237060547
2015-10-02,45.540000915527344,1951.3599853515625,20.940000534057617
2015-10-05,46.2599983215332,1987.050048828125,19.540000915527344
2015-10-06,48.529998779296875,1979.9200439453125,19.399999618530273
2015-10-07,47.810001373291016,1995.8299560546875,18.399999618530273
2015-10-08,49.43000030517578,2013.4300537109375,17.420000076293945
2015-10-09,49.630001068115234,2014.8900146484375,17.079999923706055
2015-10-12,47.099998474121094,2017.4599609375,16.170000076293945
2015-10-13,46.65999984741211,2003.68994140625,17.670000076293945
2015-10-14,46.63999938964844,1994.239990234375,18.030000686645508
2015-10-15,46.380001068115234,2023.8599853515625,16.049999237060547
2015-10-16,47.2599983215332,2033.1099853515625,15.050000190734863
2015-10-19,45.88999938964844,2033.6600341796875,14.979999542236328
2015-10-20,45.54999923706055,2030.77001953125,15.75
2015-10-21,45.20000076293945,2018.93994140625,16.700000762939453
2015-10-22,45.380001068115234,2052.510009765625,14.449999809265137
2015-10-23,44.599998474121094,2075.14990234375,14.460000038146973
2015-10-26,43.97999954223633,2071.179931640625,15.289999961853027
2015-10-27,43.20000076293945,2065.889892578125,15.430000305175781
2015-10-28,45.939998626708984,2090.35009765625,14.329999923706055
2015-10-29,46.060001373291016,2089.409912109375,14.609999656677246
2015-10-30,46.59000015258789,2079.360107421875,15.069999694824219
2015-11-02,46.13999938964844,2104.050048828125,14.149999618530273
2015-11-03,47.900001525878906,2109.7900390625,14.539999961853027
2015-11-04,46.31999969482422,2102.31005859375,15.510000228881836
2015-11-05,45.20000076293945,2099.929931640625,15.050000190734863
2015-11-06,44.290000915527344,2099.199951171875,14.329999923706055
2015-11-09,43.869998931884766,2078.580078125,16.520000457763672
2015-11-10,44.209999084472656,2081.719970703125,15.289999961853027
2015-11-11,42.93000030517578,2075.0,16.059999465942383
2015-11-12,41.75,2045.969970703125,18.3700008392334
2015-11-13,40.7400016784668,2023.0400390625,20.079999923706055
2015-11-16,41.7400016784668,2053.18994140625,18.15999984741211
2015-11-17,40.66999816894531,2050.43994140625,18.84000015258789
2015-11-18,40.75,2083.580078125,16.850000381469727
2015-11-19,40.540000915527344,2081.239990234375,16.989999771118164
2015-11-20,40.38999938964844,2089.169921875,15.470000267028809
2015-11-23,41.75,2086.590087890625,15.619999885559082
2015-11-24,42.869998931884766,2089.139892578125,15.930000305175781
2015-11-25,43.040000915527344,2088.8701171875,15.1899995803833
2015-11-27,41.709999084472656,2090.110107421875,15.119999885559082
2015-11-30,41.650001525878906,2080.409912109375,16.1299991607666
2015-12-01,41.849998474121094,2102.6298828125,14.670000076293945
2015-12-02,39.939998626708984,2079.510009765625,15.90999984741211
2015-12-03,41.08000183105469,2049.6201171875,18.110000610351562
2015-12-04,39.970001220703125,2091.68994140625,14.8100004196167
2015-12-07,37.650001525878906,2077.070068359375,15.84000015258789
2015-12-08,37.5099983215332,2063.590087890625,17.600000381469727
2015-12-09,37.15999984741211,2047.6199951171875,19.610000610351562
2015-12-10,36.7599983215332,2052.22998046875,19.34000015258789
2015-12-11,35.619998931884766,2012.3699951171875,24.389999389648438
2015-12-14,36.310001373291016,2021.93994140625,22.729999542236328
2015-12-15,37.349998474121094,2043.4100341796875,20.950000762939453
2015-12-16,35.52000045776367,2073.070068359375,17.860000610351562
2015-12-17,34.95000076293945,2041.8900146484375,18.940000534057617
2015-12-18,34.72999954223633,2005.550048828125,20.700000762939453
2015-12-21,34.7400016784668,2021.1500244140625,18.700000762939453
2015-12-22,36.13999938964844,2038.969970703125,16.600000381469727
2015-12-23,37.5,2064.2900390625,15.569999694824219
2015-12-24,38.099998474121094,2060.989990234375,15.739999771118164
2015-12-28,36.810001373291016,2056.5,16.90999984741211
2015-12-29,37.869998931884766,2078.360107421875,16.079999923706055
2015-12-30,36.599998474121094,2063.360107421875,17.290000915527344
2015-12-31,37.040000915527344,2043.93994140625,18.209999084472656
2016-01-04,36.7599983215332,2012.6600341796875,20.700000762939453
2016-01-05,35.970001220703125,2016.7099609375,19.34000015258789
2016-01-06,33.970001220703125,1990.260009765625,20.59000015258789
2016-01-07,33.27000045776367,1943.0899658203125,24.989999771118164
2016-01-08,33.15999984741211,1922.030029296875,27.010000228881836
2016-01-11,31.40999984741211,1923.6700439453125,24.299999237060547
2016-01-12,30.440000534057617,1938.6800537109375,22.469999313354492
2016-01-13,30.479999542236328,1890.280029296875,25.219999313354492
2016-01-14,31.200000762939453,1921.8399658203125,23.950000762939453
2016-01-15,29.420000076293945,1880.3299560546875,27.020000457763672
2016-01-19,28.459999084472656,1881.3299560546875,26.049999237060547
2016-01-20,26.549999237060547,1859.3299560546875,27.59000015258789
2016-01-21,29.530000686645508,1868.989990234375,26.690000534057617
2016-01-22,32.189998626708984,1906.9000244140625,22.34000015258789
2016-01-25,30.34000015258789,1877.0799560546875,24.149999618530273
2016-01-26,31.450000762939453,1903.6300048828125,22.5
2016-01-27,32.29999923706055,1882.949951171875,23.110000610351562
2016-01-28,33.220001220703125,1893.3599853515625,22.420000076293945
2016-01-29,33.619998931884766,1940.239990234375,20.200000762939453
2016-02-01,31.6200008392334,1939.3800048828125,19.979999542236328
2016-02-02,29.8799991607666,1903.030029296875,21.979999542236328
2016-02-03,32.279998779296875,1912.530029296875,21.649999618530273
2016-02-04,31.719999313354492,1915.449951171875,21.84000015258789
2016-02-05,30.889999389648438,1880.050048828125,23.3799991607666
2016-02-08,29.690000534057617,1853.43994140625,26.0
2016-02-09,27.940000534057617,1852.2099609375,26.540000915527344
2016-02-10,27.450000762939453,1851.8599853515625,26.290000915527344
2016-02-11,26.209999084472656,1829.0799560546875,28.139999389648438
2016-02-12,29.440000534057617,1864.780029296875,25.399999618530273
2016-02-16,29.040000915527344,1895.5799560546875,24.110000610351562
2016-02-17,30.65999984741211,1926.8199462890625,22.309999465942383
2016-02-18,30.770000457763672,1917.8299560546875,21.639999389648438
2016-02-19,29.639999389648438,1917.780029296875,20.530000686645508
2016-02-22,31.479999542236328,1945.5,19.3799991607666
2016-02-23,31.8700008392334,1921.27001953125,20.979999542236328
2016-02-24,32.150001525878906,1929.800048828125,20.719999313354492
2016-02-25,33.06999969482422,1951.699951171875,19.110000610351562
2016-02-26,32.779998779296875,1948.050048828125,19.809999465942383
2016-02-29,33.75,1932.22998046875,20.549999237060547
2016-03-01,34.400001525878906,1978.3499755859375,17.700000762939453
2016-03-02,34.65999984741211,1986.449951171875,17.09000015258789
2016-03-03,34.56999969482422,1993.4000244140625,16.700000762939453
2016-03-04,35.91999816894531,1999.989990234375,16.860000610351562
2016-03-07,37.900001525878906,2001.760009765625,17.350000381469727
2016-03-08,36.5,1979.260009765625,18.670000076293945
2016-03-09,38.290000915527344,1989.260009765625,18.34000015258789
2016-03-10,37.84000015258789,1989.5699462890625,18.049999237060547
2016-03-11,38.5,2022.18994140625,16.5
2016-03-14,37.18000030517578,2019.6400146484375,16.920000076293945
2016-03-15,36.34000015258789,2015.9300537109375,16.84000015258789
2016-03-16,38.459999084472656,2027.219970703125,14.989999771118164
2016-03-17,40.20000076293945,2040.5899658203125,14.4399995803833
2016-03-18,39.439998626708984,2049.580078125,14.020000457763672
2016-03-21,39.90999984741211,2051.60009765625,13.789999961853027
2016-03-22,41.45000076293945,2049.800048828125,14.170000076293945
2016-03-23,39.790000915527344,2036.7099609375,14.9399995803833
2016-03-24,39.459999084472656,2035.93994140625,14.739999771118164
2016-03-28,39.38999938964844,2037.050048828125,15.239999771118164
2016-03-29,38.279998779296875,2055.010009765625,13.819999694824219
2016-03-30,38.31999969482422,2063.949951171875,13.5600004196167
2016-03-31,38.34000015258789,2059.739990234375,13.949999809265137
2016-04-01,36.790000915527344,2072.780029296875,13.100000381469727
2016-04-04,35.70000076293945,2066.1298828125,14.119999885559082
2016-04-05,35.88999938964844,2045.1700439453125,15.420000076293945
2016-04-06,37.75,2066.659912109375,14.09000015258789
2016-04-07,37.2599983215332,2041.9100341796875,16.15999984741211
2016-04-08,39.720001220703125,2047.5999755859375,15.359999656677246
2016-04-11,40.36000061035156,2041.989990234375,16.260000228881836
2016-04-12,42.16999816894531,2061.719970703125,14.850000381469727
2016-04-13,41.7599983215332,2082.419921875,13.84000015258789
2016-04-14,41.5,2082.780029296875,13.720000267028809
2016-04-15,40.36000061035156,2080.72998046875,13.619999885559082
2016-04-18,39.779998779296875,2094.340087890625,13.350000381469727
2016-04-19,41.08000183105469,2100.800048828125,13.239999771118164
2016-04-20,42.630001068115234,2102.39990234375,13.279999732971191
2016-04-21,43.18000030517578,2091.47998046875,13.949999809265137
2016-04-22,43.72999954223633,2091.580078125,13.220000267028809
2016-04-25,42.63999938964844,2087.7900390625,14.079999923706055
2016-04-26,44.040000915527344,2091.699951171875,13.960000038146973
2016-04-27,45.33000183105469,2095.14990234375,13.770000457763672
2016-04-28,46.029998779296875,2075.81005859375,15.220000267028809
2016-04-29,45.91999816894531,2065.300048828125,15.699999809265137
2016-05-02,44.779998779296875,2081.429931640625,14.680000305175781
2016-05-03,43.650001525878906,2063.3701171875,15.600000381469727
2016-05-04,43.779998779296875,2051.1201171875,16.049999237060547
2016-05-05,44.31999969482422,2050.6298828125,15.90999984741211
2016-05-06,44.65999984741211,2057.139892578125,14.720000267028809
2016-05-09,43.439998626708984,2058.68994140625,14.569999694824219
2016-05-10,44.65999984741211,2084.389892578125,13.630000114440918
2016-05-11,46.22999954223633,2064.4599609375,14.6899995803833
2016-05-12,46.70000076293945,2064.110107421875,14.40999984741211
2016-05-13,46.209999084472656,2046.6099853515625,15.039999961853027
2016-05-16,47.720001220703125,2066.659912109375,14.680000305175781
2016-05-17,48.310001373291016,2047.2099609375,15.569999694824219
2016-05-18,48.189998626708984,2047.6300048828125,15.949999809265137
2016-05-19,48.15999984741211,2040.0400390625,16.329999923706055
2016-05-20,47.75,2052.320068359375,15.199999809265137
2016-05-23,48.08000183105469,2048.0400390625,15.819999694824219
2016-05-24,48.619998931884766,2076.06005859375,14.420000076293945
2016-05-25,49.560001373291016,2090.5400390625,13.899999618530273
2016-05-26,49.47999954223633,2090.10009765625,13.430000305175781
2016-05-27,49.33000183105469,2099.06005859375,13.119999885559082
2016-05-31,49.099998474121094,2096.949951171875,14.1899995803833
2016-06-01,49.0099983215332,2099.330078125,14.199999809265137
2016-06-02,49.16999816894531,2105.260009765625,13.630000114440918
2016-06-03,48.619998931884766,2099.1298828125,13.470000267028809
2016-06-06,49.689998626708984,2109.409912109375,13.649999618530273
2016-06-07,50.36000061035156,2112.1298828125,14.050000190734863
2016-06-08,51.22999954223633,2119.1201171875,14.079999923706055
2016-06-09,50.560001373291016,2115.47998046875,14.640000343322754
2016-06-10,49.06999969482422,2096.070068359375,17.030000686645508
2016-06-13,48.880001068115234,2079.06005859375,20.969999313354492
2016-06-14,48.4900016784668,2075.320068359375,20.5
2016-06-15,48.0099983215332,2071.5,20.139999389648438
2016-06-16,46.209999084472656,2077.989990234375,19.3700008392334
2016-06-17,47.97999954223633,2071.219970703125,19.40999984741211
2016-06-20,49.369998931884766,2083.25,18.3700008392334
2016-06-21,48.849998474121094,2088.89990234375,18.479999542236328
2016-06-22,49.130001068115234,2085.449951171875,21.170000076293945
2016-06-23,50.11000061035156,2113.320068359375,17.25
2016-06-24,47.63999938964844,2037.4100341796875,25.760000228881836
2016-06-27,46.33000183105469,2000.5400390625,23.850000381469727
2016-06-28,47.849998474121094,2036.0899658203125,18.75
2016-06-29,49.880001068115234,2070.77001953125,16.639999389648438
2016-06-30,48.33000183105469,2098.860107421875,15.630000114440918
2016-07-01,48.9900016784668,2102.949951171875,14.770000457763672
2016-07-05,46.599998474121094,2088.550048828125,15.579999923706055
2016-07-06,47.43000030517578,2099.72998046875,14.960000038146973
2016-07-07,45.13999938964844,2097.89990234375,14.760000228881836
2016-07-08,45.40999984741211,2129.89990234375,13.199999809265137
2016-07-11,44.7599983215332,2137.159912109375,13.539999961853027
2016-07-12,46.79999923706055,2152.139892578125,13.550000190734863
2016-07-13,44.75,2152.429931640625,13.039999961853027
2016-07-14,45.68000030517578,2163.75,12.819999694824219
2016-07-15,45.95000076293945,2161.739990234375,12.670000076293945
2016-07-18,45.2400016784668,2166.889892578125,12.4399995803833
2016-07-19,44.650001525878906,2163.780029296875,11.970000267028809
2016-07-20,44.939998626708984,2173.02001953125,11.770000457763672
2016-07-21,44.75,2165.169921875,12.739999771118164
2016-07-22,44.189998626708984,2175.030029296875,12.020000457763672
2016-07-25,43.130001068115234,2168.47998046875,12.869999885559082
2016-07-26,42.91999816894531,2169.179931640625,13.050000190734863
2016-07-27,41.91999816894531,2166.580078125,12.829999923706055
2016-07-28,41.13999938964844,2170.06005859375,12.720000267028809
2016-07-29,41.599998474121094,2173.60009765625,11.869999885559082
2016-08-01,40.060001373291016,2170.840087890625,12.4399995803833
2016-08-02,39.5099983215332,2157.030029296875,13.369999885559082
2016-08-03,40.83000183105469,2163.7900390625,12.859999656677246
2016-08-04,41.93000030517578,2164.25,12.420000076293945
2016-08-05,41.79999923706055,2182.8701171875,11.390000343322754
2016-08-08,43.02000045776367,2180.889892578125,11.5
2016-08-09,42.77000045776367,2181.739990234375,11.65999984741211
2016-08-10,41.709999084472656,2175.489990234375,12.050000190734863
2016-08-11,43.4900016784668,2185.7900390625,11.680000305175781
2016-08-12,44.4900016784668,2184.050048828125,11.550000190734863
2016-08-15,45.7400016784668,2190.14990234375,11.8100004196167
2016-08-16,46.58000183105469,2178.14990234375,12.640000343322754
2016-08-17,46.790000915527344,2182.219970703125,12.1899995803833
2016-08-18,48.220001220703125,2187.02001953125,11.430000305175781
2016-08-19,48.52000045776367,2183.8701171875,11.34000015258789
2016-08-22,47.04999923706055,2182.639892578125,12.270000457763672
2016-08-23,48.099998474121094,2186.89990234375,12.380000114440918
2016-08-24,46.77000045776367,2175.43994140625,13.449999809265137
2016-08-25,47.33000183105469,2172.469970703125,13.630000114440918
2016-08-26,47.63999938964844,2169.0400390625,13.649999618530273
2016-08-29,46.97999954223633,2180.3798828125,12.9399995803833
2016-08-30,46.349998474121094,2176.1201171875,13.119999885559082
2016-08-31,44.70000076293945,2170.949951171875,13.420000076293945
2016-09-01,43.15999984741211,2170.860107421875,13.479999542236328
2016-09-02,44.439998626708984,2179.97998046875,11.979999542236328
2016-09-06,44.83000183105469,2186.47998046875,12.020000457763672
2016-09-07,45.5,2186.159912109375,11.9399995803833
2016-09-08,47.619998931884766,2181.300048828125,12.510000228881836
2016-09-09,45.880001068115234,2127.81005859375,17.5
2016-09-12,46.290000915527344,2159.0400390625,15.15999984741211
2016-09-13,44.900001525878906,2127.02001953125,17.850000381469727
2016-09-14,43.58000183105469,2125.77001953125,18.139999389648438
2016-09-15,43.90999984741211,2147.260009765625,16.299999237060547
2016-09-16,43.029998779296875,2139.159912109375,15.369999885559082
2016-09-19,43.29999923706055,2139.1201171875,15.529999732971191
2016-09-20,43.439998626708984,2139.760009765625,15.920000076293945
2016-09-21,45.34000015258789,2163.1201171875,13.300000190734863
2016-09-22,46.31999969482422,2177.179931640625,12.020000457763672
2016-09-23,44.47999954223633,2164.68994140625,12.289999961853027
2016-09-26,45.93000030517578,2146.10009765625,14.5
2016-09-27,44.66999816894531,2159.929931640625,13.100000381469727
2016-09-28,47.04999923706055,2171.3701171875,12.390000343322754
2016-09-29,47.83000183105469,2151.1298828125,14.020000457763672
2016-09-30,48.2400016784668,2168.27001953125,13.289999961853027
2016-10-03,48.810001373291016,2161.199951171875,13.569999694824219
2016-10-04,48.689998626708984,2150.489990234375,13.630000114440918
2016-10-05,49.83000183105469,2159.72998046875,12.989999771118164
2016-10-06,50.439998626708984,2160.77001953125,12.84000015258789
2016-10-07,49.810001373291016,2153.739990234375,13.479999542236328
2016-10-10,,2163.659912109375,13.380000114440918
2016-10-11,50.790000915527344,2136.72998046875,15.359999656677246
2016-10-12,50.18000030517578,2139.179931640625,15.90999984741211
2016-10-13,50.439998626708984,2132.550048828125,16.690000534057617
2016-10-14,50.349998474121094,2132.97998046875,16.1200008392334
2016-10-17,49.939998626708984,2126.5,16.209999084472656
2016-10-18,50.290000915527344,2139.60009765625,15.279999732971191
2016-10-19,51.599998474121094,2144.2900390625,14.40999984741211
2016-10-20,50.43000030517578,2141.340087890625,13.75
2016-10-21,50.849998474121094,2141.159912109375,13.34000015258789
2016-10-24,50.52000045776367,2151.330078125,13.020000457763672
2016-10-25,49.959999084472656,2143.159912109375,13.460000038146973
2016-10-26,49.18000030517578,2139.429931640625,14.239999771118164
2016-10-27,49.720001220703125,2133.0400390625,15.359999656677246
2016-10-28,48.70000076293945,2126.409912109375,16.190000534057617
2016-10-31,46.86000061035156,2126.14990234375,17.059999465942383
2016-11-01,46.66999816894531,2111.719970703125,18.559999465942383
2016-11-02,45.34000015258789,2097.93994140625,19.31999969482422
2016-11-03,44.65999984741211,2088.659912109375,22.079999923706055
2016-11-04,44.06999969482422,2085.179931640625,22.510000228881836
2016-11-07,44.88999938964844,2131.52001953125,18.709999084472656
2016-11-08,44.97999954223633,2139.56005859375,18.739999771118164
2016-11-09,45.27000045776367,2163.260009765625,14.380000114440918
2016-11-10,44.65999984741211,2167.47998046875,14.739999771118164
2016-11-11,,2164.449951171875,14.170000076293945
2016-11-14,43.31999969482422,2164.199951171875,14.479999542236328
2016-11-15,45.810001373291016,2180.389892578125,13.369999885559082
2016-11-16,45.56999969482422,2176.93994140625,13.720000267028809
2016-11-17,45.41999816894531,2187.1201171875,13.350000381469727
2016-11-18,45.689998626708984,2181.89990234375,12.850000381469727
2016-11-21,47.4900016784668,2198.179931640625,12.420000076293945
2016-11-22,48.029998779296875,2202.93994140625,12.40999984741211
2016-11-23,47.959999084472656,2204.719970703125,12.430000305175781
2016-11-25,46.060001373291016,2213.35009765625,12.34000015258789
2016-11-28,47.08000183105469,2201.719970703125,13.149999618530273
2016-11-29,45.22999954223633,2204.659912109375,12.899999618530273
2016-11-30,49.439998626708984,2198.81005859375,13.329999923706055
2016-12-01,51.060001373291016,2191.080078125,14.069999694824219
2016-12-02,51.68000030517578,2191.949951171875,14.119999885559082
2016-12-05,51.790000915527344,2204.7099609375,12.140000343322754
2016-12-06,50.93000030517578,2212.22998046875,11.789999961853027
2016-12-07,49.77000045776367,2241.35009765625,12.220000267028809
2016-12-08,50.84000015258789,2246.18994140625,12.640000343322754
2016-12-09,51.5,2259.530029296875,11.75
2016-12-12,52.83000183105469,2256.9599609375,12.640000343322754
2016-12-13,52.97999954223633,2271.719970703125,12.720000267028809
2016-12-14,51.040000915527344,2253.280029296875,13.1899995803833
2016-12-15,50.900001525878906,2262.030029296875,12.789999961853027
2016-12-16,51.900001525878906,2258.070068359375,12.199999809265137
2016-12-19,52.119998931884766,2262.530029296875,11.710000038146973
2016-12-20,52.22999954223633,2270.760009765625,11.449999809265137
2016-12-21,52.4900016784668,2265.179931640625,11.270000457763672
2016-12-22,52.95000076293945,2260.9599609375,11.430000305175781
2016-12-23,53.02000045776367,2263.7900390625,11.4399995803833
2016-12-27,53.900001525878906,2268.8798828125,11.989999771118164
2016-12-28,54.060001373291016,2249.919921875,12.949999809265137
2016-12-29,53.77000045776367,2249.260009765625,13.369999885559082
2016-12-30,53.720001220703125,2238.830078125,14.039999961853027
2017-01-03,52.33000183105469,2257.830078125,12.850000381469727
2017-01-04,53.2599983215332,2270.75,11.850000381469727
2017-01-05,53.7599983215332,2269.0,11.670000076293945
2017-01-06,53.9900016784668,2276.97998046875,11.319999694824219
2017-01-09,51.959999084472656,2268.89990234375,11.5600004196167
2017-01-10,50.81999969482422,2268.89990234375,11.489999771118164
2017-01-11,52.25,2275.320068359375,11.260000228881836
2017-01-12,53.0099983215332,2270.43994140625,11.539999961853027
2017-01-13,52.369998931884766,2274.639892578125,11.229999542236328
2017-01-17,52.47999954223633,2267.889892578125,11.869999885559082
2017-01-18,51.08000183105469,2271.889892578125,12.479999542236328
2017-01-19,51.369998931884766,2263.68994140625,12.779999732971191
2017-01-20,52.41999816894531,2271.31005859375,11.539999961853027
2017-01-23,52.75,2265.199951171875,11.770000457763672
2017-01-24,53.18000030517578,2280.070068359375,11.069999694824219
2017-01-25,52.75,2298.3701171875,10.8100004196167
2017-01-26,53.779998779296875,2296.679931640625,10.630000114440918
2017-01-27,53.16999816894531,2294.68994140625,10.579999923706055
2017-01-30,52.630001068115234,2280.89990234375,11.880000114440918
2017-01-31,52.810001373291016,2278.8701171875,11.989999771118164
2017-02-01,53.880001068115234,2279.550048828125,11.8100004196167
2017-02-02,53.540000915527344,2280.85009765625,11.930000305175781
2017-02-03,53.83000183105469,2297.419921875,10.970000267028809
2017-02-06,53.0099983215332,2292.56005859375,11.369999885559082
2017-02-07,52.16999816894531,2293.080078125,11.289999961853027
2017-02-08,52.34000015258789,2294.669921875,11.449999809265137
2017-02-09,53.0,2307.8701171875,10.880000114440918
2017-02-10,53.86000061035156,2316.10009765625,10.850000381469727
2017-02-13,52.93000030517578,2328.25,11.069999694824219
2017-02-14,53.20000076293945,2337.580078125,10.739999771118164
2017-02-15,53.11000061035156,2349.25,11.970000267028809
2017-02-16,53.36000061035156,2347.219970703125,11.760000228881836
2017-02-17,53.400001525878906,2351.159912109375,11.489999771118164
2017-02-21,54.060001373291016,2365.3798828125,11.569999694824219
2017-02-22,53.59000015258789,2362.820068359375,11.739999771118164
2017-02-23,54.45000076293945,2363.81005859375,11.710000038146973
2017-02-24,53.9900016784668,2367.340087890625,11.470000267028809
2017-02-27,54.04999923706055,2369.75,12.09000015258789
2017-02-28,54.0099983215332,2363.639892578125,12.920000076293945
2017-03-01,53.83000183105469,2395.9599609375,12.539999961853027
2017-03-02,52.61000061035156,2381.919921875,11.8100004196167
2017-03-03,53.33000183105469,2383.1201171875,10.960000038146973
2017-03-06,53.20000076293945,2375.31005859375,11.239999771118164
2017-03-07,53.13999938964844,2368.389892578125,11.449999809265137
2017-03-08,50.279998779296875,2362.97998046875,11.859999656677246
2017-03-09,49.279998779296875,2364.8701171875,12.300000190734863
2017-03-10,48.4900016784668,2372.60009765625,11.65999984741211
2017-03-13,48.400001525878906,2373.469970703125,11.350000381469727
2017-03-14,47.720001220703125,2365.449951171875,12.300000190734863
2017-03-15,48.86000061035156,2385.260009765625,11.630000114440918
2017-03-16,48.75,2381.3798828125,11.210000038146973
2017-03-17,48.779998779296875,2378.25,11.279999732971191
2017-03-20,48.220001220703125,2373.469970703125,11.34000015258789
2017-03-21,47.34000015258789,2344.02001953125,12.470000267028809
2017-03-22,48.040000915527344,2348.449951171875,12.8100004196167
2017-03-23,47.70000076293945,2345.9599609375,13.119999885559082
2017-03-24,47.970001220703125,2343.97998046875,12.960000038146973
2017-03-27,47.72999954223633,2341.590087890625,12.5
2017-03-28,48.369998931884766,2358.570068359375,11.529999732971191
2017-03-29,49.5099983215332,2361.1298828125,11.420000076293945
2017-03-30,50.349998474121094,2368.06005859375,11.539999961853027
2017-03-31,50.599998474121094,2362.719970703125,12.369999885559082
2017-04-03,50.2400016784668,2358.840087890625,12.380000114440918
2017-04-04,51.029998779296875,2360.159912109375,11.789999961853027
2017-04-05,51.150001525878906,2352.949951171875,12.890000343322754
2017-04-06,51.70000076293945,2357.489990234375,12.390000343322754
2017-04-07,52.2400016784668,2355.5400390625,12.869999885559082
2017-04-10,53.08000183105469,2357.159912109375,14.050000190734863
2017-04-11,53.400001525878906,2353.780029296875,15.069999694824219
2017-04-12,53.11000061035156,2344.929931640625,15.770000457763672
2017-04-13,53.18000030517578,2328.949951171875,15.960000038146973
2017-04-17,52.650001525878906,2349.010009765625,14.65999984741211
2017-04-18,52.40999984741211,2342.18994140625,14.420000076293945
2017-04-19,50.439998626708984,2338.169921875,14.930000305175781
2017-04-20,50.27000045776367,2355.840087890625,14.149999618530273
2017-04-21,49.619998931884766,2348.68994140625,14.630000114440918
2017-04-24,49.22999954223633,2374.14990234375,10.84000015258789
2017-04-25,49.560001373291016,2388.610107421875,10.760000228881836
2017-04-26,49.619998931884766,2387.449951171875,10.850000381469727
2017-04-27,48.970001220703125,2388.77001953125,10.359999656677246
2017-04-28,49.33000183105469,2384.199951171875,10.819999694824219
2017-05-01,48.84000015258789,2388.330078125,10.109999656677246
2017-05-02,47.65999984741211,2391.169921875,10.59000015258789
2017-05-03,47.81999969482422,2388.1298828125,10.680000305175781
2017-05-04,45.52000045776367,2389.52001953125,10.460000038146973
2017-05-05,46.220001220703125,2399.2900390625,10.569999694824219
2017-05-08,46.43000030517578,2399.3798828125,9.770000457763672
2017-05-09,45.880001068115234,2396.919921875,9.960000038146973
2017-05-10,47.33000183105469,2399.6298828125,10.210000038146973
2017-05-11,47.83000183105469,2394.43994140625,10.600000381469727
2017-05-12,47.84000015258789,2390.89990234375,10.399999618530273
2017-05-15,48.849998474121094,2402.320068359375,10.420000076293945
2017-05-16,48.65999984741211,2400.669921875,10.649999618530273
2017-05-17,49.06999969482422,2357.030029296875,15.59000015258789
2017-05-18,49.349998474121094,2365.719970703125,14.65999984741211
2017-05-19,50.33000183105469,2381.72998046875,12.039999961853027
2017-05-22,50.72999954223633,2394.02001953125,10.930000305175781
2017-05-23,51.470001220703125,2398.419921875,10.720000267028809
2017-05-24,51.36000061035156,2404.389892578125,10.020000457763672
2017-05-25,48.900001525878906,2415.070068359375,9.989999771118164
2017-05-26,49.79999923706055,2415.820068359375,9.8100004196167
2017-05-30,49.65999984741211,2412.909912109375,10.380000114440918
2017-05-31,48.31999969482422,2411.800048828125,10.40999984741211
2017-06-01,48.36000061035156,2430.06005859375,9.890000343322754
2017-06-02,47.65999984741211,2439.070068359375,9.75
2017-06-05,47.400001525878906,2436.10009765625,10.069999694824219
2017-06-06,48.189998626708984,2429.330078125,10.449999809265137
2017-06-07,45.720001220703125,2433.139892578125,10.390000343322754
2017-06-08,45.63999938964844,2433.7900390625,10.15999984741211
2017-06-09,45.83000183105469,2431.77001953125,10.699999809265137
2017-06-12,46.08000183105469,2429.389892578125,11.460000038146973
2017-06-13,46.459999084472656,2440.35009765625,10.420000076293945
2017-06-14,44.72999954223633,2437.919921875,10.640000343322754
2017-06-15,44.459999084472656,2432.4599609375,10.899999618530273
2017-06-16,44.7400016784668,2433.14990234375,10.380000114440918
2017-06-19,44.20000076293945,2453.4599609375,10.369999885559082
2017-06-20,43.22999954223633,2437.030029296875,10.859999656677246
2017-06-21,42.529998779296875,2435.610107421875,10.75
2017-06-22,42.7400016784668,2434.5,10.479999542236328
2017-06-23,43.0099983215332,2438.300048828125,10.020000457763672
2017-06-26,43.380001068115234,2439.070068359375,9.899999618530273
2017-06-27,44.2400016784668,2419.3798828125,11.0600004196167
2017-06-28,44.7400016784668,2440.68994140625,10.029999732971191
2017-06-29,44.93000030517578,2419.699951171875,11.4399995803833
2017-06-30,46.040000915527344,2423.409912109375,11.180000305175781
2017-07-03,47.06999969482422,2429.010009765625,11.220000267028809
2017-07-05,45.130001068115234,2432.5400390625,11.069999694824219
2017-07-06,45.52000045776367,2409.75,12.539999961853027
2017-07-07,44.22999954223633,2425.179931640625,11.1899995803833
2017-07-10,44.400001525878906,2427.429931640625,11.109999656677246
2017-07-11,45.040000915527344,2425.530029296875,10.890000343322754
2017-07-12,45.4900016784668,2443.25,10.300000190734863
2017-07-13,46.08000183105469,2447.830078125,9.899999618530273
2017-07-14,46.540000915527344,2459.27001953125,9.510000228881836
2017-07-17,46.02000045776367,2459.139892578125,9.819999694824219
2017-07-18,46.400001525878906,2460.610107421875,9.890000343322754
2017-07-19,47.119998931884766,2473.830078125,9.789999961853027
2017-07-20,46.790000915527344,2473.449951171875,9.579999923706055
2017-07-21,45.77000045776367,2472.5400390625,9.359999656677246
2017-07-24,46.34000015258789,2469.909912109375,9.430000305175781
2017-07-25,47.88999938964844,2477.1298828125,9.430000305175781
2017-07-26,48.75,2477.830078125,9.600000381469727
2017-07-27,49.040000915527344,2475.419921875,10.109999656677246
2017-07-28,49.709999084472656,2472.10009765625,10.289999961853027
2017-07-31,50.16999816894531,2470.300048828125,10.260000228881836
2017-08-01,49.15999984741211,2476.35009765625,10.09000015258789
2017-08-02,49.59000015258789,2477.570068359375,10.279999732971191
2017-08-03,49.029998779296875,2472.159912109375,10.4399995803833
2017-08-04,49.58000183105469,2476.830078125,10.029999732971191
2017-08-07,49.38999938964844,2480.909912109375,9.930000305175781
2017-08-08,49.16999816894531,2474.919921875,10.960000038146973
2017-08-09,49.560001373291016,2474.02001953125,11.109999656677246
2017-08-10,48.59000015258789,2438.2099609375,16.040000915527344
2017-08-11,48.81999969482422,2441.320068359375,15.510000228881836
2017-08-14,47.59000015258789,2465.840087890625,12.329999923706055
2017-08-15,47.54999923706055,2464.610107421875,12.039999961853027
2017-08-16,46.779998779296875,2468.110107421875,11.739999771118164
2017-08-17,47.09000015258789,2430.010009765625,15.550000190734863
2017-08-18,48.5099983215332,2425.550048828125,14.260000228881836
2017-08-21,47.369998931884766,2428.3701171875,13.1899995803833
2017-08-22,47.63999938964844,2452.510009765625,11.350000381469727
2017-08-23,48.40999984741211,2444.0400390625,12.25
2017-08-24,47.43000030517578,2438.969970703125,12.229999542236328
2017-08-25,47.869998931884766,2443.050048828125,11.279999732971191
2017-08-28,46.56999969482422,2444.239990234375,11.319999694824219
2017-08-29,46.439998626708984,2446.300048828125,11.699999809265137
2017-08-30,45.959999084472656,2457.590087890625,11.220000267028809
2017-08-31,47.22999954223633,2471.64990234375,10.59000015258789
2017-09-01,47.290000915527344,2476.550048828125,10.130000114440918
2017-09-05,48.65999984741211,2457.85009765625,12.229999542236328
2017-09-06,49.15999984741211,2465.5400390625,11.630000114440918
2017-09-07,49.09000015258789,2465.10009765625,11.550000190734863
2017-09-08,47.47999954223633,2461.429931640625,12.119999885559082
2017-09-11,48.06999969482422,2488.110107421875,10.729999542236328
2017-09-12,48.22999954223633,2496.47998046875,10.579999923706055
2017-09-13,49.29999923706055,2498.3701171875,10.5
2017-09-14,49.88999938964844,2495.6201171875,10.4399995803833
2017-09-15,49.88999938964844,2500.22998046875,10.170000076293945
2017-09-18,49.90999984741211,2503.8701171875,10.149999618530273
2017-09-19,49.47999954223633,2506.64990234375,10.180000305175781
2017-09-20,50.40999984741211,2508.239990234375,9.779999732971191
2017-09-21,50.54999923706055,2500.60009765625,9.670000076293945
2017-09-22,50.65999984741211,2502.219970703125,9.59000015258789
2017-09-25,52.220001220703125,2496.659912109375,10.210000038146973
2017-09-26,51.880001068115234,2496.840087890625,10.170000076293945
2017-09-27,52.13999938964844,2507.0400390625,9.869999885559082
2017-09-28,51.560001373291016,2510.06005859375,9.550000190734863
2017-09-29,51.66999816894531,2519.360107421875,9.510000228881836
2017-10-02,50.58000183105469,2529.1201171875,9.449999809265137
2017-10-03,50.41999816894531,2534.580078125,9.510000228881836
2017-10-04,49.97999954223633,2537.739990234375,9.630000114440918
2017-10-05,50.790000915527344,2552.070068359375,9.1899995803833
2017-10-06,49.290000915527344,2549.330078125,9.649999618530273
2017-10-09,49.58000183105469,2544.72998046875,10.329999923706055
2017-10-10,50.91999816894531,2550.639892578125,10.079999923706055
2017-10-11,51.29999923706055,2555.239990234375,9.850000381469727
2017-10-12,50.599998474121094,2550.929931640625,9.90999984741211
2017-10-13,51.45000076293945,2553.169921875,9.609999656677246
2017-10-16,51.869998931884766,2557.639892578125,9.90999984741211
2017-10-17,51.880001068115234,2559.360107421875,10.3100004196167
2017-10-18,52.040000915527344,2561.260009765625,10.069999694824219
2017-10-19,51.290000915527344,2562.10009765625,10.050000190734863
2017-10-20,51.470001220703125,2575.2099609375,9.970000267028809
2017-10-23,51.900001525878906,2564.97998046875,11.069999694824219
2017-10-24,52.470001220703125,2569.1298828125,11.15999984741211
2017-10-25,52.18000030517578,2557.14990234375,11.229999542236328
2017-10-26,52.63999938964844,2560.39990234375,11.300000190734863
2017-10-27,53.900001525878906,2581.070068359375,9.800000190734863
2017-10-30,54.150001525878906,2572.830078125,10.5
2017-10-31,54.380001068115234,2575.260009765625,10.180000305175781
2017-11-01,54.29999923706055,2579.360107421875,10.199999809265137
2017-11-02,54.540000915527344,2579.85009765625,9.930000305175781
2017-11-03,55.63999938964844,2587.840087890625,9.140000343322754
2017-11-06,57.349998474121094,2591.1298828125,9.399999618530273
2017-11-07,57.20000076293945,2590.639892578125,9.890000343322754
2017-11-08,56.810001373291016,2594.3798828125,9.779999732971191
2017-11-09,57.16999816894531,2584.6201171875,10.5
2017-11-10,56.7400016784668,2582.300048828125,11.289999961853027
2017-11-13,56.7599983215332,2584.840087890625,11.5
2017-11-14,55.70000076293945,2578.8701171875,11.59000015258789
2017-11-15,55.33000183105469,2564.6201171875,13.130000114440918
2017-11-16,55.13999938964844,2585.639892578125,11.760000228881836
2017-11-17,56.54999923706055,2578.85009765625,11.430000305175781
2017-11-20,56.09000015258789,2582.139892578125,10.649999618530273
2017-11-21,56.83000183105469,2599.030029296875,9.729999542236328
2017-11-22,58.02000045776367,2597.080078125,9.880000114440918
2017-11-24,58.95000076293945,2602.419921875,9.670000076293945
2017-11-27,58.11000061035156,2601.419921875,9.869999885559082
2017-11-28,57.9900016784668,2627.0400390625,10.029999732971191
2017-11-29,57.29999923706055,2626.070068359375,10.699999809265137
2017-11-30,57.400001525878906,2647.580078125,11.279999732971191
